"return_id","order_id","order_item_id","return_date","quantity","reason","refund_amount"
1,6437,5151,"2024-07-03",1,Late delivery,19.99
2,7453,7387,"2025-03-21",1,Wrong item,549.99
3,6437,5152,"2024-06-10",1,Defective,49.99
4,7453,7388,"2025-03-28",1,Not as expected,349.99
5,4405,681,"2025-03-19",1,Wrong item,899.99
6,6437,5153,"2024-06-17",1,Damaged during shipping,899.99
7,7454,7389,"2024-10-26",1,Changed mind,499.99
8,4405,682,"2025-02-24",1,Not as expected,1299.99
9,6438,5154,"2024-02-15",1,Wrong item,69.99
10,7454,7390,"2024-11-02",1,Compatibility issue,999.99
11,4406,683,"2026-08-18",1,Changed mind,899.99
12,5422,2919,"2025-05-06",1,Defective,299.99
13,6438,5155,"2024-02-22",1,Not as expected,19.99
14,7455,7391,"2024-07-02",1,Late delivery,299.99
15,4406,684,"2026-08-25",1,Compatibility issue,1299.99
16,5422,2920,"2025-05-13",1,Damaged during shipping,79.99
17,6438,5156,"2024-01-30",1,Changed mind,59.99
18,7455,7392,"2024-07-09",1,Defective,129.99
19,8471,9628,"2025-01-19",1,Not as expected,69.99
20,4407,685,"2026-04-24",1,Late delivery,899.99
21,5423,2921,"2025-01-10",1,Wrong item,249.99
22,6439,5157,"2026-06-15",1,Compatibility issue,199.99
23,7456,7393,"2025-12-01",1,Damaged during shipping,599.99
24,8472,9629,"2024-09-18",1,Changed mind,79.99
25,4407,686,"2026-04-01",1,Defective,1299.99
26,5423,2922,"2025-01-17",1,Not as expected,149.99
27,6439,5158,"2026-06-22",1,Late delivery,49.99
28,7456,7394,"2025-12-08",1,Wrong item,699.99
29,8472,9630,"2024-08-26",1,Compatibility issue,99.99
30,4407,687,"2026-04-08",1,Damaged during shipping,649.99
31,6439,5159,"2026-06-29",1,Defective,69.99
32,6439,5160,"2026-06-06",2,Damaged during shipping,39.98
33,7457,7395,"2025-08-07",1,Not as expected,179.99
34,4408,688,"2025-12-06",1,Wrong item,899.99
35,7457,7396,"2025-08-14",1,Changed mind,329.99
36,4408,689,"2025-12-13",1,Not as expected,1299.99
37,6440,5161,"2026-02-03",1,Wrong item,179.99
38,5425,2925,"2024-04-23",1,Late delivery,699.99
39,7457,7397,"2025-08-21",1,Compatibility issue,599.99
40,4408,690,"2025-11-20",1,Changed mind,649.99
41,8474,9633,"2026-09-16",1,Damaged during shipping,99.99
42,5425,2926,"2024-04-30",1,Defective,449.99
43,7458,7398,"2025-03-21",1,Late delivery,649.99
44,8474,9634,"2026-09-17",1,Wrong item,89.99
45,4409,691,"2025-07-20",1,Compatibility issue,899.99
46,5426,2927,"2025-10-22",1,Damaged during shipping,1299.99
47,7458,7399,"2025-03-28",1,Defective,2199.99
48,4409,692,"2025-07-27",1,Late delivery,1299.99
49,8475,9635,"2026-04-23",1,Not as expected,119.99
50,5426,2928,"2025-09-29",1,Wrong item,549.99
51,7458,7400,"2025-04-04",1,Damaged during shipping,179.99
52,4409,693,"2025-08-03",1,Defective,649.99
53,8475,9636,"2026-04-30",1,Changed mind,229.99
54,4409,694,"2025-08-10",1,Damaged during shipping,1799.99
55,5427,2929,"2025-05-29",1,Not as expected,499.99
56,7459,7401,"2024-12-02",1,Wrong item,899.99
57,8476,9637,"2025-02-04",1,Compatibility issue,299.99
58,5427,2930,"2025-06-05",1,Changed mind,999.99
59,7459,7402,"2024-11-09",1,Not as expected,1299.99
60,4410,695,"2025-03-10",1,Wrong item,19.99
61,8476,9638,"2025-02-11",1,Late delivery,79.99
62,5427,2931,"2025-06-12",1,Compatibility issue,1299.99
63,7459,7403,"2024-11-16",1,Changed mind,649.99
64,4411,696,"2026-09-01",1,Not as expected,69.99
65,7459,7404,"2024-11-23",1,Compatibility issue,1799.99
66,8477,9639,"2024-09-11",1,Defective,249.99
67,5428,2932,"2025-01-10",1,Late delivery,299.99
68,8477,9640,"2024-09-18",1,Damaged during shipping,149.99
69,4412,697,"2026-05-01",1,Changed mind,199.99
70,5428,2933,"2025-01-17",1,Defective,129.99
71,7460,7405,"2024-07-23",1,Late delivery,899.99
72,8477,9641,"2024-09-25",1,Wrong item,299.99
73,4412,698,"2026-05-08",1,Compatibility issue,49.99
74,5428,2934,"2025-01-24",1,Damaged during shipping,499.99
75,7461,7406,"2025-12-15",1,Defective,899.99
76,8478,9642,"2024-05-25",1,Not as expected,899.99
77,5429,2935,"2024-09-23",1,Wrong item,599.99
78,6446,5171,"2024-03-11",1,Compatibility issue,24.99
79,8478,9643,"2024-05-02",1,Changed mind,249.99
80,5429,2936,"2024-08-31",1,Not as expected,699.99
81,6446,5172,"2024-03-18",1,Late delivery,149.99
82,8478,9644,"2024-05-09",1,Compatibility issue,249.99
83,5429,2937,"2024-09-07",1,Changed mind,299.99
84,4414,701,"2025-08-12",1,Damaged during shipping,99.99
85,5429,2938,"2024-09-14",1,Compatibility issue,129.99
86,6447,5173,"2026-07-03",1,Defective,99.99
87,7463,7409,"2025-04-20",1,Not as expected,899.99
88,8479,9645,"2026-09-17",1,Late delivery,699.99
89,4414,702,"2025-08-19",1,Wrong item,59.99
90,6447,5174,"2026-07-10",1,Damaged during shipping,89.99
91,7463,7410,"2025-03-28",1,Changed mind,1299.99
92,8479,9646,"2026-09-17",1,Defective,449.99
93,5430,2939,"2024-05-14",1,Late delivery,179.99
94,4415,703,"2025-03-19",1,Not as expected,79.99
95,6447,5175,"2026-07-17",1,Wrong item,24.99
96,8479,9647,"2026-09-17",1,Damaged during shipping,899.99
97,7464,7411,"2024-11-25",1,Compatibility issue,19.99
98,4415,704,"2025-03-26",1,Changed mind,179.99
99,5431,2940,"2025-10-06",1,Defective,649.99
100,8479,9648,"2026-09-14",1,Wrong item,249.99
101,6448,5176,"2026-03-16",1,Not as expected,119.99
102,7464,7412,"2024-12-02",1,Late delivery,49.99
103,5432,2941,"2025-06-05",1,Damaged during shipping,899.99
104,6448,5177,"2026-03-23",1,Changed mind,229.99
105,8480,9649,"2026-05-14",1,Not as expected,549.99
106,5432,2942,"2025-06-12",1,Wrong item,1299.99
107,6448,5178,"2026-02-28",1,Compatibility issue,39.99
108,8481,9650,"2025-02-18",1,Changed mind,499.99
109,5433,2943,"2025-02-09",1,Not as expected,899.99
110,6449,5179,"2025-10-28",1,Late delivery,299.99
111,5433,2944,"2025-02-16",1,Changed mind,1299.99
112,6449,5180,"2025-11-04",1,Defective,79.99
113,6449,5181,"2025-11-11",1,Damaged during shipping,119.99
114,5434,2945,"2024-09-16",1,Compatibility issue,899.99
115,6449,5182,"2025-10-19",1,Wrong item,229.99
116,8483,9653,"2024-05-25",1,Defective,599.99
117,5434,2946,"2024-09-23",1,Late delivery,1299.99
118,8483,9654,"2024-06-01",1,Damaged during shipping,699.99
119,6450,5183,"2025-06-18",1,Not as expected,249.99
120,5435,2947,"2024-05-23",1,Defective,899.99
121,8484,9655,"2024-01-30",1,Wrong item,179.99
122,5435,2948,"2024-05-30",1,Damaged during shipping,1299.99
123,6451,5184,"2024-03-25",1,Changed mind,899.99
124,8484,9656,"2024-01-07",1,Not as expected,329.99
125,5436,2949,"2025-10-22",1,Wrong item,899.99
126,6452,5185,"2026-08-09",1,Compatibility issue,699.99
127,5436,2950,"2025-10-29",1,Not as expected,1299.99
128,6452,5186,"2026-07-17",1,Late delivery,449.99
129,5437,2951,"2025-06-28",1,Changed mind,19.99
130,6453,5187,"2026-03-16",1,Defective,549.99
131,8486,9659,"2025-03-06",1,Late delivery,1299.99
132,5437,2952,"2025-07-05",1,Compatibility issue,49.99
133,6453,5188,"2026-03-23",1,Damaged during shipping,349.99
134,8486,9660,"2025-02-11",1,Defective,649.99
135,5437,2953,"2025-06-12",1,Late delivery,899.99
136,4421,718,"2026-09-17",1,Changed mind,119.99
137,8487,9661,"2024-10-11",1,Damaged during shipping,899.99
138,5438,2954,"2025-02-09",1,Defective,69.99
139,8487,9662,"2024-10-18",1,Wrong item,1299.99
140,5438,2955,"2025-02-16",1,Damaged during shipping,19.99
141,6455,5191,"2025-06-27",1,Changed mind,299.99
142,8487,9663,"2024-10-25",1,Not as expected,649.99
143,5438,2956,"2025-02-23",1,Wrong item,59.99
144,6455,5192,"2025-07-04",1,Compatibility issue,129.99
145,8488,9664,"2024-06-24",1,Changed mind,899.99
146,4423,721,"2026-01-05",1,Defective,249.99
147,5439,2957,"2024-10-23",1,Not as expected,199.99
148,6456,5193,"2024-04-10",1,Late delivery,599.99
149,7472,7429,"2025-09-13",1,Wrong item,79.99
150,8488,9665,"2024-06-01",1,Compatibility issue,1299.99
151,4423,722,"2026-01-12",1,Damaged during shipping,149.99
152,5439,2958,"2024-09-30",1,Changed mind,49.99
153,6456,5194,"2024-04-17",1,Defective,699.99
154,7472,7430,"2025-09-20",1,Not as expected,99.99
155,8488,9666,"2024-06-08",1,Late delivery,649.99
156,5439,2959,"2024-10-07",1,Compatibility issue,69.99
157,4424,723,"2025-09-11",1,Wrong item,899.99
158,5439,2960,"2024-10-14",2,Late delivery,39.98
159,6457,5195,"2026-08-02",1,Damaged during shipping,179.99
160,7473,7431,"2025-05-20",1,Changed mind,24.99
161,8489,9667,"2024-02-06",1,Defective,899.99
162,4424,724,"2025-09-18",1,Not as expected,249.99
163,6457,5196,"2026-08-09",1,Wrong item,329.99
164,7473,7432,"2025-04-27",1,Compatibility issue,149.99
165,8489,9668,"2024-02-13",1,Damaged during shipping,1299.99
166,5440,2961,"2024-06-13",1,Defective,179.99
167,6457,5197,"2026-08-16",1,Not as expected,599.99
168,8489,9669,"2024-01-21",1,Wrong item,649.99
169,7474,7433,"2024-12-25",1,Late delivery,99.99
170,8489,9670,"2024-01-28",1,Not as expected,1799.99
171,6458,5198,"2026-04-15",1,Changed mind,649.99
172,7474,7434,"2025-01-01",1,Defective,89.99
173,4426,727,"2024-01-31",1,Late delivery,1299.99
174,6458,5199,"2026-03-23",1,Compatibility issue,2199.99
175,8490,9671,"2026-06-13",1,Changed mind,899.99
176,7475,7435,"2024-08-31",1,Damaged during shipping,119.99
177,4426,728,"2024-02-07",1,Defective,549.99
178,6458,5200,"2026-03-30",1,Late delivery,179.99
179,7475,7436,"2024-08-08",1,Wrong item,229.99
180,4427,729,"2026-05-24",1,Damaged during shipping,499.99
181,6459,5201,"2025-11-27",1,Defective,899.99
182,7476,7437,"2026-01-30",1,Not as expected,299.99
183,4427,730,"2026-05-31",1,Wrong item,999.99
184,6459,5202,"2025-12-04",1,Damaged during shipping,1299.99
185,7476,7438,"2026-02-06",1,Changed mind,79.99
186,4427,731,"2026-06-07",1,Not as expected,1299.99
187,6459,5203,"2025-11-11",1,Wrong item,649.99
188,6459,5204,"2025-11-18",1,Not as expected,1799.99
189,7477,7439,"2025-10-06",1,Compatibility issue,249.99
190,4428,732,"2026-02-04",1,Changed mind,299.99
191,7477,7440,"2025-09-13",1,Late delivery,149.99
192,4428,733,"2026-01-12",1,Compatibility issue,129.99
193,6460,5205,"2025-07-18",1,Changed mind,899.99
194,7477,7441,"2025-09-20",1,Defective,299.99
195,4428,734,"2026-01-19",1,Late delivery,499.99
196,6461,5206,"2024-04-24",1,Compatibility issue,899.99
197,7478,7442,"2025-05-20",1,Damaged during shipping,899.99
198,4429,735,"2025-09-18",1,Defective,599.99
199,5446,2971,"2025-03-06",1,Not as expected,24.99
200,6462,5207,"2026-09-08",1,Late delivery,899.99
201,7478,7443,"2025-05-27",1,Wrong item,249.99
202,4429,736,"2025-09-25",1,Damaged during shipping,699.99
203,5446,2972,"2025-03-13",1,Changed mind,149.99
204,6462,5208,"2026-08-16",1,Defective,1299.99
205,7478,7444,"2025-06-03",1,Not as expected,249.99
206,4429,737,"2025-10-02",1,Wrong item,299.99
207,4429,738,"2025-09-09",1,Not as expected,129.99
208,5447,2973,"2024-11-10",1,Compatibility issue,99.99
209,7479,7445,"2025-01-01",1,Changed mind,699.99
210,8496,9681,"2024-07-19",1,Defective,179.99
211,5447,2974,"2024-11-17",1,Late delivery,89.99
212,7479,7446,"2025-01-08",1,Compatibility issue,449.99
213,4430,739,"2025-05-09",1,Changed mind,179.99
214,8496,9682,"2024-06-26",1,Damaged during shipping,99.99
215,5447,2975,"2024-10-25",1,Defective,24.99
216,7479,7447,"2025-01-15",1,Late delivery,899.99
217,6464,5211,"2025-12-20",1,Not as expected,19.99
218,4431,740,"2024-02-14",1,Compatibility issue,649.99
219,7479,7448,"2025-01-22",1,Defective,249.99
220,8497,9683,"2024-02-24",1,Wrong item,199.99
221,5448,2976,"2024-06-24",1,Damaged during shipping,119.99
222,6464,5212,"2025-11-27",1,Changed mind,49.99
223,8497,9684,"2024-03-02",1,Not as expected,39.99
224,4432,741,"2026-06-30",1,Late delivery,899.99
225,5448,2977,"2024-07-01",1,Wrong item,229.99
226,7480,7449,"2024-08-22",1,Damaged during shipping,549.99
227,6465,5213,"2025-07-27",1,Compatibility issue,69.99
228,8497,9685,"2024-03-09",1,Changed mind,79.99
229,4432,742,"2026-06-07",1,Defective,1299.99
230,5448,2978,"2024-07-08",1,Not as expected,39.99
231,6465,5214,"2025-08-03",1,Late delivery,19.99
232,7481,7450,"2026-02-13",1,Wrong item,499.99
233,8498,9686,"2026-06-24",1,Compatibility issue,69.99
234,4433,743,"2026-02-04",1,Damaged during shipping,899.99
235,5449,2979,"2024-02-06",1,Changed mind,299.99
236,7482,7451,"2025-10-13",1,Not as expected,299.99
237,8498,9687,"2026-07-01",1,Late delivery,29.99
238,4433,744,"2026-02-11",1,Wrong item,1299.99
239,5449,2980,"2024-02-13",1,Compatibility issue,79.99
240,7482,7452,"2025-10-20",1,Changed mind,129.99
241,8498,9688,"2026-07-08",1,Defective,199.99
242,5449,2981,"2024-02-20",1,Late delivery,119.99
243,4434,745,"2025-10-11",1,Not as expected,899.99
244,5449,2982,"2024-02-27",1,Defective,229.99
245,8499,9689,"2026-03-07",1,Damaged during shipping,79.99
246,4434,746,"2025-09-18",1,Changed mind,1299.99
247,8499,9690,"2026-02-12",1,Wrong item,99.99
248,5450,2983,"2026-06-13",1,Damaged during shipping,249.99
249,4435,747,"2025-05-18",1,Compatibility issue,899.99
250,8499,9691,"2026-02-19",1,Not as expected,69.99
251,7484,7455,"2025-01-24",1,Defective,179.99
252,4435,748,"2025-05-25",1,Late delivery,1299.99
253,5451,2984,"2025-03-20",1,Wrong item,899.99
254,8499,9692,"2026-02-26",1,Changed mind,29.99
255,7484,7456,"2025-01-31",1,Damaged during shipping,329.99
256,4436,749,"2024-03-01",1,Defective,899.99
257,8500,9693,"2025-10-26",1,Compatibility issue,24.99
258,7485,7457,"2024-09-30",1,Wrong item,649.99
259,4436,750,"2024-02-07",1,Damaged during shipping,1299.99
260,7485,7458,"2024-09-07",1,Not as expected,2199.99
261,4437,751,"2026-06-23",1,Wrong item,19.99
262,5453,2987,"2024-07-24",1,Compatibility issue,549.99
263,7486,7459,"2026-03-01",1,Changed mind,1299.99
264,8502,9695,"2024-03-02",1,Defective,119.99
265,4437,752,"2026-06-30",1,Not as expected,49.99
266,5453,2988,"2024-07-01",1,Late delivery,349.99
267,7486,7460,"2026-03-08",1,Compatibility issue,649.99
268,8502,9696,"2024-03-09",1,Damaged during shipping,39.99
269,4437,753,"2026-07-07",1,Changed mind,899.99
270,5454,2989,"2024-02-29",1,Defective,499.99
271,7487,7461,"2025-11-05",1,Late delivery,899.99
272,8503,9697,"2026-07-24",1,Wrong item,299.99
273,4438,754,"2026-03-06",1,Compatibility issue,69.99
274,5454,2990,"2024-03-07",1,Damaged during shipping,999.99
275,7487,7462,"2025-10-13",1,Defective,1299.99
276,8503,9698,"2026-07-31",1,Not as expected,79.99
277,4438,755,"2026-02-11",1,Late delivery,19.99
278,5455,2991,"2026-07-22",1,Wrong item,299.99
279,7487,7463,"2025-10-20",1,Damaged during shipping,649.99
280,4438,756,"2026-02-18",1,Defective,59.99
281,5455,2992,"2026-06-29",1,Not as expected,129.99
282,6471,5228,"2024-05-24",1,Late delivery,69.99
283,7488,7464,"2025-06-19",1,Wrong item,899.99
284,4439,757,"2025-10-18",1,Damaged during shipping,199.99
285,5456,2993,"2025-04-05",1,Changed mind,599.99
286,6472,5229,"2026-09-08",1,Defective,79.99
287,7488,7465,"2025-06-26",1,Not as expected,1299.99
288,4439,758,"2025-10-25",1,Wrong item,49.99
289,8505,9701,"2025-11-04",1,Late delivery,899.99
290,5456,2994,"2025-04-12",1,Compatibility issue,699.99
291,6472,5230,"2026-09-15",1,Damaged during shipping,99.99
292,7488,7466,"2025-06-03",1,Changed mind,649.99
293,4439,759,"2025-10-02",1,Not as expected,69.99
294,8505,9702,"2025-11-11",1,Defective,249.99
295,4439,760,"2025-10-09",2,Changed mind,39.98
296,5457,2995,"2024-12-10",1,Late delivery,179.99
297,6473,5231,"2026-05-15",1,Wrong item,24.99
298,7489,7467,"2025-01-31",1,Compatibility issue,899.99
299,8506,9703,"2024-07-19",1,Damaged during shipping,699.99
300,5457,2996,"2024-11-17",1,Defective,329.99
301,6473,5232,"2026-05-22",1,Not as expected,149.99
302,7489,7468,"2025-02-07",1,Late delivery,1299.99
303,4440,761,"2025-06-08",1,Compatibility issue,179.99
304,8506,9704,"2024-07-26",1,Wrong item,449.99
305,5457,2997,"2024-11-24",1,Damaged during shipping,599.99
306,7489,7469,"2025-02-14",1,Defective,649.99
307,6474,5233,"2025-12-20",1,Changed mind,99.99
308,7489,7470,"2025-01-22",1,Damaged during shipping,1799.99
309,8507,9705,"2024-03-25",1,Not as expected,549.99
310,5458,2998,"2024-07-24",1,Wrong item,649.99
311,6474,5234,"2025-12-27",1,Compatibility issue,89.99
312,8507,9706,"2024-04-01",1,Changed mind,349.99
313,5458,2999,"2024-07-31",1,Not as expected,2199.99
314,7490,7471,"2024-09-21",1,Wrong item,899.99
315,6475,5235,"2025-08-26",1,Late delivery,119.99
316,8507,9707,"2024-04-08",1,Compatibility issue,699.99
317,5458,3000,"2024-07-08",1,Changed mind,179.99
318,6475,5236,"2025-09-02",1,Defective,229.99
319,8508,9708,"2026-07-24",1,Late delivery,499.99
320,5459,3001,"2024-03-07",1,Compatibility issue,899.99
321,6476,5237,"2024-06-09",1,Damaged during shipping,299.99
322,8508,9709,"2026-07-31",1,Defective,999.99
323,5459,3002,"2024-03-14",1,Late delivery,1299.99
324,6476,5238,"2024-05-17",1,Wrong item,79.99
325,8508,9710,"2026-08-07",1,Damaged during shipping,1299.99
326,5459,3003,"2024-03-21",1,Defective,649.99
327,5459,3004,"2024-03-28",1,Damaged during shipping,1799.99
328,6477,5239,"2024-01-15",1,Not as expected,249.99
329,8509,9711,"2026-04-06",1,Wrong item,299.99
330,6477,5240,"2024-01-22",1,Changed mind,149.99
331,8509,9712,"2026-03-14",1,Not as expected,129.99
332,5460,3005,"2026-07-13",1,Wrong item,899.99
333,6477,5241,"2024-01-29",1,Compatibility issue,299.99
334,8509,9713,"2026-03-21",1,Changed mind,499.99
335,8509,9714,"2026-03-28",1,Compatibility issue,999.99
336,6478,5242,"2026-05-15",1,Late delivery,899.99
337,4446,771,"2026-03-31",1,Damaged during shipping,24.99
338,5462,3007,"2024-12-17",1,Changed mind,899.99
339,6478,5243,"2026-05-22",1,Defective,249.99
340,8510,9715,"2025-11-25",1,Late delivery,599.99
341,4446,772,"2026-03-08",1,Wrong item,149.99
342,5462,3008,"2024-12-24",1,Compatibility issue,1299.99
343,6478,5244,"2026-05-29",1,Damaged during shipping,249.99
344,8511,9716,"2024-08-02",1,Defective,179.99
345,4447,773,"2025-11-05",1,Not as expected,99.99
346,5463,3009,"2024-07-24",1,Late delivery,899.99
347,6479,5245,"2026-01-26",1,Wrong item,699.99
348,7496,7481,"2025-07-14",1,Compatibility issue,179.99
349,8512,9717,"2024-04-01",1,Damaged during shipping,649.99
350,4447,774,"2025-11-12",1,Changed mind,89.99
351,5463,3010,"2024-07-31",1,Defective,1299.99
352,6479,5246,"2026-01-03",1,Not as expected,449.99
353,7496,7482,"2025-07-21",1,Late delivery,99.99
354,8512,9718,"2024-04-08",1,Wrong item,2199.99
355,4447,775,"2025-11-19",1,Compatibility issue,24.99
356,6479,5247,"2026-01-10",1,Changed mind,899.99
357,6479,5248,"2026-01-17",1,Compatibility issue,249.99
358,7497,7483,"2025-02-18",1,Defective,199.99
359,8513,9719,"2026-08-23",1,Not as expected,1299.99
360,4448,776,"2025-06-19",1,Late delivery,119.99
361,7497,7484,"2025-02-25",1,Damaged during shipping,39.99
362,8513,9720,"2026-07-31",1,Changed mind,649.99
363,4448,777,"2025-06-26",1,Defective,229.99
364,6480,5249,"2025-09-16",1,Late delivery,549.99
365,5465,3013,"2026-07-22",1,Not as expected,69.99
366,7497,7485,"2025-03-04",1,Wrong item,79.99
367,4448,778,"2025-07-03",1,Damaged during shipping,39.99
368,8514,9721,"2026-03-30",1,Compatibility issue,899.99
369,5465,3014,"2026-07-29",1,Changed mind,19.99
370,7498,7486,"2024-11-01",1,Not as expected,69.99
371,8514,9722,"2026-04-06",1,Late delivery,1299.99
372,4449,779,"2025-03-02",1,Wrong item,299.99
373,6482,5251,"2024-01-22",1,Damaged during shipping,299.99
374,7498,7487,"2024-11-08",1,Changed mind,29.99
375,4449,780,"2025-02-07",1,Not as expected,79.99
376,8515,9723,"2025-12-04",1,Defective,899.99
377,6482,5252,"2024-01-29",1,Wrong item,129.99
378,7498,7488,"2024-10-16",1,Compatibility issue,199.99
379,4449,781,"2025-02-14",1,Changed mind,119.99
380,8515,9724,"2025-12-11",1,Damaged during shipping,1299.99
381,4449,782,"2025-02-21",1,Compatibility issue,229.99
382,6483,5253,"2026-06-14",1,Not as expected,599.99
383,7499,7489,"2024-06-15",1,Late delivery,79.99
384,6483,5254,"2026-06-21",1,Changed mind,699.99
385,7499,7490,"2024-06-22",1,Defective,99.99
386,4450,783,"2024-10-21",1,Late delivery,249.99
387,7499,7491,"2024-06-29",1,Damaged during shipping,69.99
388,4451,784,"2026-04-14",1,Defective,899.99
389,7499,7492,"2024-06-06",1,Wrong item,29.99
390,4452,785,"2025-11-12",1,Damaged during shipping,699.99
391,7500,7493,"2024-02-04",1,Not as expected,24.99
392,6485,5257,"2025-09-25",1,Defective,649.99
393,4452,786,"2025-11-19",1,Wrong item,449.99
394,6485,5258,"2025-10-02",1,Damaged during shipping,2199.99
395,7501,7494,"2025-07-28",1,Changed mind,99.99
396,4453,787,"2025-07-19",1,Not as expected,549.99
397,6486,5259,"2024-06-09",1,Wrong item,1299.99
398,4453,788,"2025-07-26",1,Changed mind,349.99
399,6486,5260,"2024-06-16",1,Not as expected,649.99
400,4454,789,"2025-02-23",1,Compatibility issue,499.99
401,6487,5261,"2024-02-14",1,Changed mind,899.99
402,7503,7497,"2024-11-01",1,Defective,299.99
403,4454,790,"2025-03-02",1,Late delivery,999.99
404,6487,5262,"2024-02-21",1,Compatibility issue,1299.99
405,7503,7498,"2024-11-08",1,Damaged during shipping,79.99
406,4455,791,"2024-10-30",1,Defective,299.99
407,6487,5263,"2024-01-29",1,Late delivery,649.99
408,7504,7499,"2024-07-08",1,Wrong item,249.99
409,4455,792,"2024-11-06",1,Damaged during shipping,129.99
410,5471,3028,"2025-05-19",1,Changed mind,69.99
411,6488,5264,"2026-06-14",1,Defective,899.99
412,7504,7500,"2024-06-15",1,Not as expected,149.99
413,4456,793,"2026-03-31",1,Wrong item,599.99
414,5472,3029,"2025-01-16",1,Compatibility issue,79.99
415,6488,5265,"2026-06-21",1,Damaged during shipping,1299.99
416,4456,794,"2026-04-07",1,Not as expected,699.99
417,5472,3030,"2024-12-24",1,Late delivery,99.99
418,6488,5266,"2026-06-28",1,Wrong item,649.99
419,8521,9738,"2024-09-01",1,Damaged during shipping,179.99
420,4457,795,"2025-12-05",1,Changed mind,179.99
421,5473,3031,"2024-08-23",1,Defective,24.99
422,6489,5267,"2026-02-25",1,Not as expected,899.99
423,7506,7503,"2025-08-13",1,Late delivery,699.99
424,4457,796,"2025-12-12",1,Compatibility issue,329.99
425,5473,3032,"2024-08-30",1,Damaged during shipping,149.99
426,6489,5268,"2026-02-02",1,Changed mind,1299.99
427,7506,7504,"2025-08-20",1,Defective,449.99
428,4457,797,"2025-12-19",1,Late delivery,599.99
429,6489,5269,"2026-02-09",1,Compatibility issue,649.99
430,5474,3033,"2024-04-29",1,Wrong item,99.99
431,6489,5270,"2026-02-16",1,Late delivery,1799.99
432,7507,7505,"2025-03-20",1,Damaged during shipping,549.99
433,8523,9741,"2026-09-17",1,Changed mind,179.99
434,4458,798,"2025-07-19",1,Defective,649.99
435,5474,3034,"2024-05-06",1,Not as expected,89.99
436,7507,7506,"2025-03-27",1,Wrong item,349.99
437,8523,9742,"2026-08-30",1,Compatibility issue,99.99
438,4458,799,"2025-07-26",1,Damaged during shipping,2199.99
439,6490,5271,"2025-10-16",1,Defective,899.99
440,5475,3035,"2026-08-21",1,Changed mind,119.99
441,7507,7507,"2025-04-03",1,Not as expected,699.99
442,4458,800,"2025-08-02",1,Wrong item,179.99
443,8524,9743,"2026-04-29",1,Late delivery,199.99
444,5475,3036,"2026-08-28",1,Compatibility issue,229.99
445,7508,7508,"2024-12-01",1,Changed mind,499.99
446,8524,9744,"2026-05-06",1,Defective,39.99
447,4459,801,"2025-04-01",1,Not as expected,899.99
448,5476,3037,"2025-06-04",1,Late delivery,299.99
449,7508,7509,"2024-11-08",1,Compatibility issue,999.99
450,4459,802,"2025-03-09",1,Changed mind,1299.99
451,5476,3038,"2025-06-11",1,Defective,79.99
452,7508,7510,"2024-11-15",1,Late delivery,1299.99
453,4459,803,"2025-03-16",1,Compatibility issue,649.99
454,4459,804,"2025-03-23",1,Late delivery,1799.99
455,5477,3039,"2025-01-09",1,Damaged during shipping,249.99
456,7509,7511,"2024-07-15",1,Defective,299.99
457,8526,9747,"2024-09-17",1,Not as expected,79.99
458,5477,3040,"2025-01-16",1,Wrong item,149.99
459,7509,7512,"2024-07-22",1,Damaged during shipping,129.99
460,4460,805,"2024-11-20",1,Defective,899.99
461,8526,9748,"2024-09-24",1,Changed mind,99.99
462,5477,3041,"2025-01-23",1,Not as expected,299.99
463,7509,7513,"2024-06-29",1,Wrong item,499.99
464,4461,806,"2026-04-14",1,Damaged during shipping,899.99
465,7509,7514,"2024-07-06",1,Not as expected,999.99
466,8527,9749,"2024-05-24",1,Compatibility issue,24.99
467,5478,3042,"2024-09-22",1,Changed mind,899.99
468,8527,9750,"2024-05-01",2,Late delivery,299.98
469,5478,3043,"2024-08-30",1,Compatibility issue,249.99
470,7510,7515,"2024-03-05",1,Changed mind,599.99
471,8527,9751,"2024-05-08",1,Defective,79.99
472,5478,3044,"2024-09-06",1,Late delivery,249.99
473,7511,7516,"2025-08-27",1,Compatibility issue,179.99
474,8528,9752,"2026-09-17",1,Damaged during shipping,99.99
475,4463,809,"2025-08-18",1,Changed mind,899.99
476,5479,3045,"2024-05-06",1,Defective,699.99
477,6496,5281,"2026-07-09",1,Not as expected,179.99
478,7512,7517,"2025-04-26",1,Late delivery,649.99
479,8528,9753,"2026-09-17",1,Wrong item,89.99
480,4463,810,"2025-07-26",1,Compatibility issue,1299.99
481,5479,3046,"2024-05-13",1,Damaged during shipping,449.99
482,6496,5282,"2026-07-16",1,Changed mind,99.99
483,7512,7518,"2025-04-03",1,Defective,2199.99
484,8528,9754,"2026-09-17",1,Not as expected,24.99
485,5479,3047,"2024-05-20",1,Wrong item,899.99
486,4464,811,"2025-03-25",1,Late delivery,19.99
487,5479,3048,"2024-04-27",1,Not as expected,249.99
488,6497,5283,"2026-03-15",1,Compatibility issue,199.99
489,7513,7519,"2024-12-01",1,Damaged during shipping,1299.99
490,8529,9755,"2026-05-06",1,Changed mind,119.99
491,4464,812,"2025-04-01",1,Defective,49.99
492,6497,5284,"2026-03-22",1,Late delivery,39.99
493,7513,7520,"2024-12-08",1,Wrong item,649.99
494,8529,9756,"2026-05-13",1,Compatibility issue,39.99
495,5480,3049,"2026-09-11",1,Changed mind,549.99
496,6497,5285,"2026-02-27",1,Defective,79.99
497,8529,9757,"2026-05-20",1,Late delivery,99.99
498,7514,7521,"2024-08-07",1,Not as expected,899.99
499,5481,3050,"2025-06-18",1,Compatibility issue,499.99
500,8529,9758,"2026-05-27",1,Defective,89.99
501,6498,5286,"2025-10-27",1,Damaged during shipping,69.99
502,7514,7522,"2024-07-15",1,Changed mind,1299.99
503,6498,5287,"2025-11-03",1,Wrong item,29.99
504,8530,9759,"2025-12-25",1,Damaged during shipping,299.99
505,7515,7523,"2024-03-14",1,Compatibility issue,899.99
506,6498,5288,"2025-11-10",1,Not as expected,199.99
507,7515,7524,"2024-03-21",1,Late delivery,1299.99
508,8531,9760,"2024-10-01",1,Wrong item,249.99
509,5483,3053,"2024-09-22",1,Damaged during shipping,599.99
510,6499,5289,"2025-06-10",1,Changed mind,79.99
511,8532,9761,"2024-05-31",1,Not as expected,899.99
512,5483,3054,"2024-09-29",1,Wrong item,699.99
513,6499,5290,"2025-06-17",1,Compatibility issue,99.99
514,8532,9762,"2024-06-07",1,Changed mind,249.99
515,6499,5291,"2025-06-24",1,Late delivery,69.99
516,5484,3055,"2024-05-29",1,Not as expected,179.99
517,6499,5292,"2025-07-01",1,Defective,29.99
518,8533,9763,"2024-01-06",1,Compatibility issue,699.99
519,5484,3056,"2024-05-06",1,Changed mind,329.99
520,8533,9764,"2024-01-13",1,Late delivery,449.99
521,6500,5293,"2025-01-29",1,Damaged during shipping,24.99
522,6501,5294,"2026-07-23",1,Wrong item,99.99
523,5486,3059,"2025-07-04",1,Defective,1299.99
524,6502,5295,"2026-03-22",1,Not as expected,119.99
525,8535,9767,"2026-02-02",1,Wrong item,999.99
526,5486,3060,"2025-06-11",1,Damaged during shipping,649.99
527,6502,5296,"2026-03-29",1,Changed mind,39.99
528,8535,9768,"2026-01-10",1,Not as expected,1299.99
529,5487,3061,"2025-02-08",1,Wrong item,899.99
530,8536,9769,"2024-10-17",1,Changed mind,299.99
531,5487,3062,"2025-02-15",1,Not as expected,1299.99
532,8536,9770,"2024-10-24",1,Compatibility issue,129.99
533,5487,3063,"2025-02-22",1,Changed mind,649.99
534,6504,5299,"2025-07-03",1,Defective,249.99
535,4471,828,"2026-05-14",1,Wrong item,69.99
536,8537,9771,"2024-06-23",1,Late delivery,599.99
537,5488,3064,"2024-10-22",1,Compatibility issue,899.99
538,6504,5300,"2025-07-10",1,Damaged during shipping,149.99
539,8537,9772,"2024-05-31",1,Defective,699.99
540,4472,829,"2026-01-11",1,Not as expected,79.99
541,5488,3065,"2024-09-29",1,Late delivery,1299.99
542,6505,5301,"2025-03-09",1,Wrong item,899.99
543,8537,9773,"2024-06-07",1,Damaged during shipping,299.99
544,4472,830,"2026-01-18",1,Changed mind,99.99
545,5488,3066,"2024-10-06",1,Defective,649.99
546,6505,5302,"2025-02-14",1,Not as expected,249.99
547,7521,7538,"2025-09-26",1,Late delivery,179.99
548,8538,9774,"2024-02-05",1,Wrong item,179.99
549,4473,831,"2025-09-17",1,Compatibility issue,24.99
550,5489,3067,"2024-06-05",1,Damaged during shipping,899.99
551,6506,5303,"2026-08-08",1,Changed mind,699.99
552,7522,7539,"2025-04-26",1,Defective,99.99
553,8538,9775,"2024-02-12",1,Not as expected,329.99
554,4473,832,"2025-08-25",1,Late delivery,149.99
555,5489,3068,"2024-06-12",1,Wrong item,1299.99
556,6506,5304,"2026-08-15",1,Compatibility issue,449.99
557,7522,7540,"2025-05-03",1,Damaged during shipping,59.99
558,8538,9776,"2024-01-20",1,Changed mind,599.99
559,5489,3069,"2024-05-20",1,Not as expected,649.99
560,5489,3070,"2024-05-27",1,Changed mind,1799.99
561,6507,5305,"2026-04-14",1,Late delivery,549.99
562,8539,9777,"2026-06-05",1,Compatibility issue,649.99
563,6507,5306,"2026-03-22",1,Defective,349.99
564,8539,9778,"2026-06-12",1,Late delivery,2199.99
565,5490,3071,"2024-01-25",1,Compatibility issue,899.99
566,4475,835,"2024-12-29",1,Wrong item,119.99
567,6507,5307,"2026-03-29",1,Damaged during shipping,699.99
568,8539,9779,"2026-06-19",1,Defective,179.99
569,7524,7543,"2024-08-07",1,Changed mind,199.99
570,4475,836,"2024-12-06",1,Not as expected,229.99
571,8539,9780,"2026-05-27",1,Damaged during shipping,329.99
572,6508,5308,"2025-11-26",1,Wrong item,499.99
573,7524,7544,"2024-08-14",1,Compatibility issue,39.99
574,4476,837,"2026-05-30",1,Changed mind,299.99
575,6508,5309,"2025-12-03",1,Not as expected,999.99
576,8540,9781,"2026-01-24",1,Wrong item,1299.99
577,7525,7545,"2024-04-13",1,Late delivery,69.99
578,4476,838,"2026-06-06",1,Compatibility issue,79.99
579,6508,5310,"2025-11-10",1,Changed mind,1299.99
580,7525,7546,"2024-04-20",1,Defective,29.99
581,4477,839,"2026-02-03",1,Late delivery,249.99
582,6509,5311,"2025-07-10",1,Compatibility issue,299.99
583,7526,7547,"2025-10-12",1,Damaged during shipping,79.99
584,4477,840,"2026-01-11",1,Defective,149.99
585,6509,5312,"2025-07-17",1,Late delivery,129.99
586,7526,7548,"2025-09-19",1,Wrong item,99.99
587,4477,841,"2026-01-18",1,Damaged during shipping,299.99
588,6509,5313,"2025-07-24",1,Defective,499.99
589,6509,5314,"2025-07-31",1,Damaged during shipping,999.99
590,7527,7549,"2025-05-19",1,Not as expected,24.99
591,4478,842,"2025-09-17",1,Wrong item,899.99
592,7527,7550,"2025-05-26",2,Changed mind,299.98
593,4478,843,"2025-09-24",1,Not as expected,249.99
594,6510,5315,"2025-02-28",1,Wrong item,599.99
595,7527,7551,"2025-06-02",1,Compatibility issue,79.99
596,4478,844,"2025-10-01",1,Changed mind,249.99
597,6511,5316,"2026-08-22",1,Not as expected,179.99
598,7528,7552,"2024-12-31",1,Late delivery,99.99
599,4479,845,"2025-05-01",1,Compatibility issue,699.99
600,5496,3081,"2024-11-16",1,Damaged during shipping,179.99
